
-- Заполнение таблицы (15+) Customers (Покупатели)
INSERT INTO Customers (customer_id, first_name, last_name, middle_name, phone_number, email)
VALUES
(1, 'Никита', 'Марего', 'Викторович', '+79221234567', 'marego@mail.ru'),
(2, 'Анастасия',  'Введенка', 'Павловна', '+79223456529', 'anaieie@mail.ru'),
(3, 'Сергей', 'Равочкин', 'Андреевич', '+79093456711', 'ravochk@mail.ru'),
(4, 'Мансур', 'Минкаев', 'Мансурович', '+79003456783', 'altatom@mail.ru'),
(5, 'София', 'Бабадук', 'Сергеевна', '+79223456799', 'babduk@mail.ru'),
(6, 'Екатерина', 'Богина', 'Алексеевна', '+79090456784', 'feellikegod@mail.ru'),
(7, 'Дарья', 'Гордеева', 'Александровна', '+79003886709', 'dashylic@mail.ru'),
(8, 'Вячеслав', 'Самойлов', 'Сергеевич', '+79223453214', 'whistlebaby@mail.ru'),
(9, 'Андрей', 'Дойниченко', 'Константинович', '+79093326519', 'kisa@mail.ru'),
(10, 'Даниил', 'Дойниченко', 'Константинович', '+79223443704', 'softic@mail.ru'),
(11, 'Татьяна', 'Пичквалева', 'Дмитриевна', '+79008746251', 'tanyapic@mail.ru'),
(12, 'Мария', 'Шеломенцева', 'Юрьевна', '+79003326749', 'shhmaria@mail.ru'),
(13, 'Ксения', 'Кучина', 'Константиновна', '+79193456789', 'scarafied@mail.ru'),
(14, 'Виктор', 'Сергеев', 'Никитович', '+79003453229', 'sergeev@mail.ru'),
(15, 'Анна', 'Смирнова', 'Владимировна', '+79177654321', 'smirnova@mail.ru');

-- Заполнение таблицы Categories (Категории)
INSERT INTO Categories (category_id, name)
VALUES
(1, 'Кондитерские изделия'),
(2, 'Хлеб'),
(3, 'Выпечка');

-- Заполнение таблицы (15+) Positions (Должности)
INSERT INTO Positions (position_id, name)
VALUES
(1, 'Директор производства'),
(2, 'Директор по развитию'),
(3, 'Администратор'),
(4, 'Главный бухгалтер'),
(5, 'Бухгалтер'),
(6, 'Менеджер по продажам'),
(7, 'Пекарь'),
(8, 'Кондитер'),
(9, 'Главный продавец'),
(10, 'Продавец'),
(11, 'Водитель'),
(12, 'Кухонный работник'),
(13, 'SMM-менеджер'),
(14, 'Технолог'),
(15, 'Программист');

-- Заполнение таблицы (15+) Employees (Сотрудники)
INSERT INTO Employees (employee_id, first_name, last_name, middle_name, position, hire_date)
VALUES
(1, 'Мария', 'Седова', 'Михайловна', 15, '2024-01-01'),
(2, 'Алексей', 'Кузнецов', 'Николаевич', 1, '2025-01-15'),
(3, 'Мария', 'Попова', 'Игоревна', 2, '2025-03-22'),
(4, 'Анна', 'Расщектаева', 'Юрьевна', 10, '2024-01-01'),
(5, 'Дмитрий', 'Федоров', 'Сергеевич', 4, '2024-07-10'),
(6, 'Иван', 'Петров', 'Сергеевич', 3, '2024-05-15'),
(7, 'Елена', 'Смирнова', 'Александровна', 8, '2025-02-20'),
(8, 'Алексей', 'Кузнецов', 'Дмитриевич', 5, '2014-11-10'),
(9, 'Ольга', 'Васильева', 'Игоревна', 2, '2024-03-01'),
(10, 'Дмитрий', 'Николаев', 'Олегович', 10, '2024-07-22'),
(11, 'Анна', 'Федорова', 'Витальевна', 9, '2025-01-14'),
(12, 'Сергей', 'Михайлов', 'Анатольевич', 7, '2024-09-05'),
(13, 'Татьяна', 'Борисова', 'Сергеевна', 10, '2024-05-30'),
(14, 'Артем', 'Соколов', 'Вадимович', 13, '2024-11-03'),
(15, 'Наталья', 'Козлова', 'Романовна', 12, '2024-04-18'),
(16, 'Полина', 'Денисова', 'Сергеевна', 14, '2024-12-03'),
(17, 'Екатерина', 'Волкова', 'Олеговна', 6, '2024-03-15'),
(18, 'Геннадий', 'Павлов', 'Семенович', 11, '2025-01-01');

-- Заполнение таблицы (15+) Ingredients (Ингредиенты)
INSERT INTO Ingredients (ingredient_id, name, measure_unit)
VALUES
(1, 'Мука пшеничная высший сорт', 'г'), 
(2, 'Сахар-песок', 'г'), 
(3, 'Яйца куриные категории С0', 'шт'), 
(4, 'Масло сливочное 82,5%', 'г'),
(5, 'Молоко цельное 3,2%', 'мл'),
(6, 'Дрожжи прессованные', 'г'), 
(7, 'Дрожжи сухие активные', 'г'), 
(8, 'Соль пищевая йодированная', 'г'), 
(9, 'Ванильный экстракт', 'мл'),
(10, 'Какао-порошок натуральный', 'г'),
(11, 'Шоколад темный 70%', 'г'), 
(12, 'Сливки 33% для взбивания', 'мл'),
(13, 'Творог 9%', 'г'), 
(14, 'Разрыхлитель теста', 'г'), 
(15, 'Корица молотая', 'г'),
(16, 'Имбирь молотый', 'г'),
(17, 'Мед цветочный', 'г'),
(18, 'Орехи грецкие очищенные', 'г'),
(19, 'Миндальная мука', 'г'),
(20, 'Патока крахмальная', 'г'),
(21, 'Глазурь кондитерская белая', 'г'),
(22, 'Помадка шоколадная', 'г'),
(23, 'Марципан', 'г'),
(24, 'Кокосовая стружка', 'г'),
(25, 'Цукаты ассорти', 'г'),
(26, 'Сушеная клюква', 'г'),
(27, 'Фисташковая паста', 'г'),
(28, 'Миндаль', 'г');

-- Заполнение таблицы (30+) Products (Товары)
INSERT INTO Products (product_id, name, category, measure_unit, price, valid_from, valid_to)
VALUES
(1, 'Торт "Прага"', 1, 'кг', 2200.00, '2024-01-01', '2024-03-31'),
(2, 'Торт "Прага"', 1, 'кг', 2400.00, '2024-04-01', '2024-06-30'),
(3, 'Торт "Прага"', 1, 'кг', 2500.00, '2024-07-01', NULL),
(4, 'Торт "Медовик"', 1, 'кг', 1800.00, '2024-01-01', '2024-05-15'),
(5, 'Торт "Медовик"', 1, 'кг', 1950.00, '2024-05-16', NULL),
(6, 'Торт "Три шоколада"', 1, 'кг', 2800.00, '2024-01-01', NULL),
(7, 'Торт "Красный бархат"', 1, 'кг', 2700.00, '2024-01-01', '2024-04-30'),
(8, 'Торт "Красный бархат"', 1, 'кг', 2900.00, '2024-05-01', NULL),
(9, 'Меренговый рулет', 1, 'кг', 3200.00,'2024-04-03', NULL),
(10, 'Эклер пломбирный', 1, 'шт', 160.00, '2024-01-01', '2024-05-15'),
(11, 'Эклер пломбирный', 1, 'шт', 175.00, '2024-05-16', NULL),
(12, 'Хлеб "Бородинский"', 2, 'шт', 120.00, '2024-01-01', '2024-04-30'),
(13, 'Хлеб "Бородинский"', 2, 'шт', 135.00, '2024-05-01', NULL),
(14, 'Батон', 2, 'шт', 85.00, '2024-01-01', NULL),
(15, 'Багет французский', 2, 'шт', 110.00, '2024-01-01', NULL),
(16, 'Хлеб злаковый', 2, 'шт', 145.00, '2024-04-01', NULL),
(17, 'Хлеб солодовый', 2, 'шт', 155.00, '2024-01-01', '2024-06-20'),
(18, 'Хлеб солодовый', 2, 'шт', 165.00, '2024-06-21', NULL),
(19, 'Пирожок с клубникой', 3, 'шт', 95.00, '2024-01-01', '2024-05-20'),
(20, 'Пирожок с клубникой', 3, 'шт', 110.00, '2024-05-21', NULL),
(21, 'Синнабон с корицей', 3, 'шт', 150.00, '2024-01-01', NULL),
(22, 'Шоколадный круассан', 3, 'шт', 130.00, '2024-01-01', '2024-03-15'),
(23, 'Шоколадный круассан', 3, 'шт', 145.00, '2024-03-16', NULL),
(24, 'Крендель с малиной', 3, 'шт', 125.00, '2024-01-01', NULL),
(25, 'Миошь с яблоком', 3, 'шт', 135.00,'2024-01-01', '2024-03-10'),
(26, 'Миошь с яблоком', 3, 'шт', 145.00, '2024-03-11', NULL),
(27, 'Маковый рулетик в шоколаде', 3, 'шт', 115.00, '2024-01-01', '2024-07-01'),
(28, 'Маковый рулетик в шоколаде', 3, 'шт', 130.00, '2024-07-02', NULL),
(29, 'Вензель с клубникой', 3, 'шт', 148.00, '2024-01-01', NULL),
(30, 'Вензель с абрикосом', 3, 'шт', 129.00, '2024-01-01', NULL);

-- Заполнение таблицы (30+) Compositions (Состав товара)
INSERT INTO Compositions (composition_id, product, ingredient, amount)
VALUES
(1, 1, 1, 300), (2, 1, 2, 100), (3, 1, 4, 150), (4, 1, 10, 50), (5, 1, 11, 100),
(6, 4, 1, 300), (7, 4, 2, 150), (8, 4, 17, 100), (9, 4, 4, 100), (10, 4, 3, 50),
(11, 6, 1, 250), (12, 6, 10, 100), (13, 6, 11, 200), (14, 6, 12, 150), (15, 6, 13, 100),
(16, 7, 1, 250), (17, 7, 2, 150), (18, 7, 11, 150), (19, 7, 12, 100), (20, 7, 9, 10),
(21, 9, 1, 200), (22, 9, 2, 100), (23, 9, 12, 150), (24, 9, 23, 50),
(25, 10, 1, 150), (26, 10, 2, 80), (27, 10, 4, 100), (28, 10, 12, 120),
(29, 12, 1, 400), (30, 12, 6, 50), (31, 12, 8, 10),
(32, 14, 1, 350), (33, 14, 2, 50), (34, 14, 8, 10),
(35, 15, 1, 450), (36, 15, 7, 10), (37, 15, 8, 10),
(38, 16, 1, 300), (39, 16, 2, 50), (40, 16, 19, 100),
(41, 17, 1, 380), (42, 17, 6, 60), (43, 17, 20, 30),
(44, 19, 1, 180), (45, 19, 2, 70), (46, 19, 25, 60),
(47, 21, 1, 200), (48, 21, 2, 100), (49, 21, 15, 20),
(50, 22, 1, 180), (51, 22, 4, 100), (52, 22, 11, 120),
(53, 24, 1, 250), (54, 24, 2, 80), (55, 24, 26, 40),
(56, 25, 1, 200), (57, 25, 2, 80), (58, 25, 14, 10), (59, 25, 8, 10), (60, 25, 24, 50),
(61, 27, 1, 150), (62, 27, 13, 100), (63, 27, 11, 100), (64, 27, 23, 50),
(65, 29, 1, 200), (66, 29, 2, 60), (67, 29, 25, 40),
(68, 30, 1, 220), (69, 30, 2, 60), (70, 30, 25, 30);

-- Заполнение таблицы (15+) Orders (Заказы)
INSERT INTO Orders (order_id, customer, date)
VALUES
(1, 1, '2024-01-10'), 
(2, 2, '2024-02-11'),
(3, 3, '2024-02-12'),
(4, 4, '2024-03-13'),
(5, 5, '2024-03-14'), 
(6, 6, '2024-04-15'), 
(7, 7, '2024-04-16'), 
(8, 8, '2024-05-17'),
(9, 9, '2024-05-18'), 
(10, 10, '2024-07-19'), 
(11, 11, '2024-07-20'), 
(12, 12, '2024-09-21'),
(13, 13, '2024-09-22'), 
(14, 14, '2024-09-23'), 
(15, 15, '2024-11-24'), 
(16, 1, '2024-11-25'),
(17, 2, '2024-11-26'), 
(18, 3, '2024-12-27'), 
(19, 4, '2024-12-28'), 
(20, 5, '2025-01-04'),
(21, 6, '2025-01-08'), 
(22, 7, '2025-02-01'), 
(23, 8, '2025-02-16'), 
(24, 9, '2025-02-24'),
(25, 10, '2025-03-02'), 
(26, 11, '2025-03-10'), 
(27, 12, '2025-03-13'), 
(28, 13, '2025-03-25'),
(29, 14, '2025-04-04'), 
(30, 15, '2025-04-09');

-- Заполнение таблицы (30+) Sales (Продажа товаров)
INSERT INTO Sales (sale_id, order_, product, amount, seller)
VALUES
(1, 1, 1, 2, 4), (2, 1, 5, 1, 4), 
(3, 2, 3, 1, 10), (4, 2, 8, 2, 10), 
(5, 3, 2, 1, 11), (6, 3, 6, 2, 11), 
(7, 4, 7, 1, 13), (8, 4, 12, 1, 13), 
(9, 5, 9, 3, 4), (10, 5, 5, 2, 4), 
(11, 6, 10, 2, 10), (12, 6, 4, 1, 10), 
(13, 7, 11, 1, 13), (14, 7, 1, 2, 13), 
(15, 8, 5, 2, 4), (16, 8, 8, 1, 4), 
(17, 9, 3, 1, 11), (18, 9, 14, 1, 11), 
(19, 10, 7, 1, 13), (20, 10, 2, 2, 13), 
(21, 11, 6, 1, 4),
(22, 12, 9, 2, 10), (23, 12, 15, 1, 10), (24, 12, 4, 2, 10), 
(25, 13, 4, 3, 11),
(26, 14, 16, 1, 13), 
(27, 15, 1, 2, 4), (28, 15, 3, 1, 10), (29, 15, 8, 1, 10),
(30, 16, 8, 1, 11), (31, 16, 17, 1, 11),
(32, 17, 2, 2, 10), (33, 17, 3, 1, 10), (34, 17, 9, 1, 10), (35, 17, 14, 2, 10),
(36, 18, 12, 2, 4), 
(37, 19, 10, 2, 10), (38, 19, 14, 1, 10), 
(39, 20, 4, 1, 11), (40, 20, 6, 1, 11),
(41, 21, 3, 2, 10), (42, 21, 5, 1, 10), 
(43, 22, 7, 3, 4), (44, 22, 15, 1, 4), 
(45, 23, 12, 2, 10), (46, 23, 8, 2, 13), 
(47, 24, 6, 1, 11), (48, 24, 16, 3, 11), 
(49, 25, 14, 1, 10), (50, 25, 2, 1, 10),
(51, 26, 10, 1, 13), (52, 26, 1, 1, 13), (53, 26, 9, 2, 13), (54, 27, 4, 1, 13), 
(55, 28, 7, 3, 4), (56, 28, 12, 2, 4), 
(57, 29, 8, 1, 4), (58, 29, 3, 3, 4), 
(59, 30, 2, 1, 11), (60, 30, 5, 2, 11);
